zone_id,zone_name,province,prov_n,name_n,match_score,match_method,matched
LOm8B3vy1qR,Aketi,Bas-Uele,bas uele,aketi,1.0,exact,True
ebKZ38Ejpb5,Bondo,Bas-Uele,bas uele,bondo,1.0,exact,True
pggZxV6O3iF,Buta,Bas-Uele,bas uele,buta,1.0,exact,True
QU7amTjhWlQ,Ganga,Bas-Uele,bas uele,ganga,1.0,exact,True
wqWNVs3uxpv,Likati,Bas-Uele,bas uele,likati,1.0,exact,True
jFTjaBOa844,Monga,Bas-Uele,bas uele,monga,1.0,exact,True
iqV2dwy0B1b,Poko,Bas-Uele,bas uele,poko,,,False
EgtXyZdGsLP,Titule,Bas-Uele,bas uele,titule,1.0,exact,True
MMnBp2lllhf,Bolenge,Equateur,equateur,bolenge,1.0,exact,True
lW6uPgrLYfi,Bolomba,Equateur,equateur,bolomba,1.0,exact,True
dseqqnd0Nuw,Bomongo,Equateur,equateur,bomongo,1.0,exact,True
ER2ozdS2Ysm,Ingende,Equateur,equateur,ingende,1.0,exact,True
p40o8g3kdQL,Irebu,Equateur,equateur,irebu,1.0,exact,True
hH0vfyk0M5B,Lukolela,Equateur,equateur,lukolela,1.0,exact,True
nXXpnAQ8M3v,Makanza,Equateur,equateur,makanza,1.0,exact,True
pBzecjfopeA,Mampoko,Equateur,equateur,mampoko,,,False
DmRUZqBRNzB,Mbandaka,Equateur,equateur,mbandaka,1.0,exact,True
J0LvPM9HPVN,Wangata,Equateur,equateur,wangata,1.0,exact,True
GpdRlogsSiE,Kafubu,Haut-Katanga,haut katanga,kafubu,1.0,exact,True
uocpzPZHiEo,Kamalondo,Haut-Katanga,haut katanga,kamalondo,1.0,exact,True
NR5cDy2jhiJ,Kambove,Haut-Katanga,haut katanga,kambove,1.0,exact,True
zMfBT8xVQeH,Kampemba,Haut-Katanga,haut katanga,kampemba,1.0,exact,True
bAFJ18IAf2S,Kapolowe,Haut-Katanga,haut katanga,kapolowe,1.0,exact,True
Vue5tcMpaGh,Kasenga,Haut-Katanga,haut katanga,kasenga,1.0,exact,True
OcTqzK4K1RV,Kashobwe,Haut-Katanga,haut katanga,kashobwe,1.0,exact,True
nhdQUgOeBQU,Katuba,Haut-Katanga,haut katanga,katuba,1.0,exact,True
IOin37HS2Wz,Kenya,Haut-Katanga,haut katanga,kenya,1.0,exact,True
Q22qlkhPQDO,Kikula,Haut-Katanga,haut katanga,kikula,1.0,exact,True
Kth7MQGYcrE,Kilela Balanda,Haut-Katanga,haut katanga,kilela balanda,1.0,exact,True
ZMH0kkBQFs9,Kipushi,Haut-Katanga,haut katanga,kipushi,1.0,exact,True
QA2FRWLQqWE,Kisanga,Haut-Katanga,haut katanga,kisanga,1.0,exact,True
fQLRnttyYlx,Likasi,Haut-Katanga,haut katanga,likasi,1.0,exact,True
H8vCqAKUlyX,Lubumbashi,Haut-Katanga,haut katanga,lubumbashi,1.0,exact,True
nNFVLFmkaAz,Lukafu,Haut-Katanga,haut katanga,lukafu,1.0,exact,True
rYWmyhhl1LP,Mitwaba,Haut-Katanga,haut katanga,mitwaba,1.0,exact,True
QteKQ66ixqO,Mumbunda,Haut-Katanga,haut katanga,mumbunda,1.0,exact,True
EofZhh5yYMG,Panda,Haut-Katanga,haut katanga,panda,1.0,exact,True
fdlN13eHB5u,Pweto,Haut-Katanga,haut katanga,pweto,1.0,exact,True
YFSLTwHFlOk,Ruashi,Haut-Katanga,haut katanga,ruashi,1.0,exact,True
CSwaGvyMS6Z,Sakania,Haut-Katanga,haut katanga,sakania,1.0,exact,True
BdGu22qs6aS,Tshamilemba,Haut-Katanga,haut katanga,tshamilemba,1.0,exact,True
OyzUIt0IaeY,Baka,Haut-Lomami,haut lomami,baka,1.0,exact,True
glucPFMOELN,Bukama,Haut-Lomami,haut lomami,bukama,1.0,exact,True
FWbGIJwFtFw,Butumba,Haut-Lomami,haut lomami,butumba,1.0,exact,True
BU8zas1K8mi,Kabondo Dianda,Haut-Lomami,haut lomami,kabondo dianda,1.0,exact,True
kWcBPRsa7lA,Kabongo,Haut-Lomami,haut lomami,kabongo,1.0,exact,True
T0YXktZkPCF,Kamina,Haut-Lomami,haut lomami,kamina,1.0,exact,True
guov7iiEM6c,Kaniama,Haut-Lomami,haut lomami,kaniama,1.0,exact,True
qZdoTKoMddO,Kinkondja,Haut-Lomami,haut lomami,kinkondja,1.0,exact,True
N3b4xbGIP6r,Malemba Nkulu,Haut-Lomami,haut lomami,malemba nkulu,1.0,exact,True
XdR0dqdFNt4,Mukanga,Haut-Lomami,haut lomami,mukanga,1.0,exact,True
hdDyVXgN46J,Mulongo,Haut-Lomami,haut lomami,mulongo,1.0,exact,True
cgc7FkCPcKb,Songa,Haut-Lomami,haut lomami,songa,1.0,exact,True
NC2xavZLq2a,Aba,Haut-Uele,haut uele,aba,1.0,exact,True
qwBasnNFRFW,Boma Mangbetu,Haut-Uele,haut uele,boma mangbetu,1.0,exact,True
GkqfQB4CBwt,Dungu,Haut-Uele,haut uele,dungu,1.0,exact,True
H0UZDpNtJ17,Faradje,Haut-Uele,haut uele,faradje,1.0,exact,True
h1dItcsoHRw,Gombari,Haut-Uele,haut uele,gombari,1.0,exact,True
lW6NlTXqGcv,Isiro,Haut-Uele,haut uele,isiro,1.0,exact,True
yNXb6VSdyPw,Makoro,Haut-Uele,haut uele,makoro,1.0,exact,True
PDPn74NtJzs,Niangara,Haut-Uele,haut uele,niangara,1.0,exact,True
ZxQY9szHMx5,Pawa,Haut-Uele,haut uele,pawa,1.0,exact,True
EGoMVOvVUAp,Rungu,Haut-Uele,haut uele,rungu,1.0,exact,True
ET5R8zSN3gm,Wamba,Haut-Uele,haut uele,wamba,1.0,exact,True
mS2mByLHkzL,Watsa,Haut-Uele,haut uele,watsa,1.0,exact,True
QAjDPUD5eCo,Adi,Ituri,ituri,adi,1.0,exact,True
CLboGR4F3lj,Adja,Ituri,ituri,adja,1.0,exact,True
yKlg7zZ2xlH,Angumu,Ituri,ituri,angumu,1.0,exact,True
fM8IqjhdeyL,Ariwara,Ituri,ituri,ariwara,1.0,exact,True
v8PqffapuVl,Aru,Ituri,ituri,aru,1.0,exact,True
DFcltLEKLxj,Aungba,Ituri,ituri,aungba,1.0,exact,True
Uc3GqWS8C0w,Bambu,Ituri,ituri,bambu,1.0,exact,True
yS0pmMtanuT,Biringi,Ituri,ituri,biringi,1.0,exact,True
rLadlFjzCh7,Boga,Ituri,ituri,boga,1.0,exact,True
GPi6i83o7l6,Bunia,Ituri,ituri,bunia,1.0,exact,True
ApdB8z3Wrxt,Damas,Ituri,ituri,damas,1.0,exact,True
OIhgsXcZf6x,Drodro,Ituri,ituri,drodro,1.0,exact,True
FDNwbfrJhkA,Fataki,Ituri,ituri,fataki,1.0,exact,True
X8zFJ7DJlRD,Gety,Ituri,ituri,gety,0.8888888888888888,fuzzy,True
SkEKQLSulmp,Kambala,Ituri,ituri,kambala,1.0,exact,True
sbyWSsdZ3tj,Kilo,Ituri,ituri,kilo,1.0,exact,True
i2mtQy4nTmD,Komanda,Ituri,ituri,komanda,1.0,exact,True
n1N4M95juaC,Laybo,Ituri,ituri,laybo,1.0,exact,True
xGWcGHazqtw,Lita,Ituri,ituri,lita,1.0,exact,True
qqGoQGSp1Dw,Logo,Ituri,ituri,logo,1.0,exact,True
xp3Y1OXHZLj,Lolwa,Ituri,ituri,lolwa,1.0,exact,True
seNn0NUsKYn,Mahagi,Ituri,ituri,mahagi,1.0,exact,True
RjHZChl5gJQ,Mambasa,Ituri,ituri,mambasa,1.0,exact,True
YpXUkTbtAPA,Mandima,Ituri,ituri,mandima,1.0,exact,True
nv8tx681Gjd,Mongbwalu,Ituri,ituri,mongbwalu,0.9411764705882353,fuzzy,True
tWlaqwSUheI,Nia Nia,Ituri,ituri,nia nia,1.0,exact,True
TCE5waEW7Fi,Nizi,Ituri,ituri,nizi,1.0,exact,True
mGTaa8TFifO,Nyankunde,Ituri,ituri,nyankunde,1.0,exact,True
gyRgzU4sTgY,Nyarambe,Ituri,ituri,nyarambe,1.0,exact,True
hWMdKGgsAIz,Rethy,Ituri,ituri,rethy,1.0,exact,True
a2aJcbwnjoK,Rimba,Ituri,ituri,rimba,1.0,exact,True
vPxN2nZnBXK,Rwampara,Ituri,ituri,rwampara,1.0,exact,True
rhj4btTd3i0,Tchomia,Ituri,ituri,tchomia,1.0,exact,True
bNFyJIkjMdY,Banga Lubaka,Kasaï,kasai,banga lubaka,1.0,exact,True
Z3lr3MOHNLH,Dekese,Kasaï,kasai,dekese,1.0,exact,True
g9sayFS8d1p,Ilebo,Kasaï,kasai,ilebo,1.0,exact,True
y1bSl3YWtJm,Kakenge,Kasaï,kasai,kakenge,1.0,exact,True
BTGp4czwZRN,Kamonia,Kasaï,kasai,kamonia,1.0,exact,True
YyPtkSv7bB3,Kanzala,Kasaï,kasai,kanzala,1.0,exact,True
d9la4YKNnto,Luebo,Kasaï,kasai,luebo,1.0,exact,True
vy2yqOs0J70,Mikope,Kasaï,kasai,mikope,1.0,exact,True
qdhh0JFWiW2,Mushenge,Kasaï,kasai,mushenge,1.0,exact,True
dw1XnGf2aaU,Mweka,Kasaï,kasai,mweka,1.0,exact,True
phRBB1s5LJX,Ndjoko Mpunda,Kasaï,kasai,ndjoko mpunda,1.0,exact,True
rsaI3zncNG9,Tshikapa,Kasaï,kasai,tshikapa,1.0,exact,True
HYPBUncgldT,Bena Leka,Kasaï Central,kasai central,bena leka,,,False
CXIGn9khu8A,Bena Tshadi,Kasaï Central,kasai central,bena tshadi,,,False
F8Spet7wqMK,Demba,Kasaï Central,kasai central,demba,,,False
Ko8qaFXjOIM,Katende,Kasaï Central,kasai central,katende,,,False
dwBRSfVBpk6,Katoka,Kasaï Central,kasai central,katoka,,,False
lRLzCt3aMHM,Luambo,Kasaï Central,kasai central,luambo,1.0,exact,True
etpyShZCZEs,Luiza,Kasaï Central,kasai central,luiza,,,False
SAt8yoeSMjD,Lukonga,Kasaï Central,kasai central,lukonga,,,False
csMZZqDFCvW,Mikalayi,Kasaï Central,kasai central,mikalayi,,,False
Ied3F9RYVfg,Muetshi,Kasaï Central,kasai central,muetshi,,,False
wq3tWiKJkNr,Ndesha,Kasaï Central,kasai central,ndesha,,,False
U6rNBblejC5,Tshikaji,Kasaï Central,kasai central,tshikaji,1.0,exact,True
xx5xiY5vVBa,Bipemba,Kasaï Oriental,kasai oriental,bipemba,1.0,exact,True
ZxyZ7L3ynso,Bonzola,Kasaï Oriental,kasai oriental,bonzola,1.0,exact,True
f1b3q0aLFzW,Diulu,Kasaï Oriental,kasai oriental,diulu,1.0,exact,True
k7iudxSjdn7,Kabeya Kamwanga,Kasaï Oriental,kasai oriental,kabeya kamwanga,1.0,exact,True
HN9etyIXrEE,Kansele,Kasaï Oriental,kasai oriental,kansele,1.0,exact,True
ucEXrvC3lau,Lukelenge,Kasaï Oriental,kasai oriental,lukelenge,1.0,exact,True
BjbUZ5acV7t,Bandalungwa,Kinshasa,kinshasa,bandalungwa,1.0,exact,True
uw3SOxNTDP4,Barumbu,Kinshasa,kinshasa,barumbu,1.0,exact,True
ShcGSNMpF7z,Binza Meteo,Kinshasa,kinshasa,binza meteo,1.0,exact,True
m5B0okd0KaZ,Binza Ozone,Kinshasa,kinshasa,binza ozone,1.0,exact,True
QzpHCAKe31e,Biyela,Kinshasa,kinshasa,biyela,1.0,exact,True
sZ2goXLKmQX,Bumbu,Kinshasa,kinshasa,bumbu,1.0,exact,True
L3vMLScAbZ6,Gombe,Kinshasa,kinshasa,gombe,1.0,exact,True
D1jF9OzETge,Kalamu 1,Kinshasa,kinshasa,kalamu 1,1.0,exact,True
Z3DMBdrM8Df,Kalamu 2,Kinshasa,kinshasa,kalamu 2,1.0,exact,True
TuzDrpZ9zzl,Kasa Vubu,Kinshasa,kinshasa,kasa vubu,1.0,exact,True
wTaqhPcijDM,Kikimi,Kinshasa,kinshasa,kikimi,1.0,exact,True
cycttnJlR4L,Kimbanseke,Kinshasa,kinshasa,kimbanseke,1.0,exact,True
NwNyAitXVsr,Kingabwa,Kinshasa,kinshasa,kingabwa,1.0,exact,True
ZTt8HbFGrY4,Kingasani,Kinshasa,kinshasa,kingasani,1.0,exact,True
xZy8t34pvs6,Kinshasa,Kinshasa,kinshasa,kinshasa,1.0,exact,True
oeP2sQLMCuy,Kintambo,Kinshasa,kinshasa,kintambo,1.0,exact,True
Vv9L3W7VMrX,Kisenso,Kinshasa,kinshasa,kisenso,0.9333333333333333,fuzzy,True
Ab6jrKWO5EZ,Kokolo,Kinshasa,kinshasa,kokolo,1.0,exact,True
tCLXgZBBLQ0,Lemba,Kinshasa,kinshasa,lemba,1.0,exact,True
JhJFxKnFvmJ,Limete,Kinshasa,kinshasa,limete,1.0,exact,True
qbe5m6fVfMT,Lingwala,Kinshasa,kinshasa,lingwala,1.0,exact,True
SqWL31RNyKx,Makala,Kinshasa,kinshasa,makala,1.0,exact,True
tkbMhp2kIT2,Maluku 1,Kinshasa,kinshasa,maluku 1,1.0,exact,True
nq4LAyXUm8a,Maluku 2,Kinshasa,kinshasa,maluku 2,1.0,exact,True
F0zQH8NbaIx,Masina 1,Kinshasa,kinshasa,masina 1,1.0,exact,True
hL8oJfWHx3g,Masina 2,Kinshasa,kinshasa,masina 2,1.0,exact,True
UrJlHRGZGGJ,Matete,Kinshasa,kinshasa,matete,1.0,exact,True
ubl3NORPhsC,Mont Ngafula 1,Kinshasa,kinshasa,mont ngafula 1,1.0,exact,True
gMhYDNcoZSe,Mont Ngafula 2,Kinshasa,kinshasa,mont ngafula 2,1.0,exact,True
rK2ODHilbAP,Ndjili,Kinshasa,kinshasa,ndjili,1.0,exact,True
vvrhCzWzc0J,Ngaba,Kinshasa,kinshasa,ngaba,1.0,exact,True
LSvg2jR0rEQ,Ngiri Ngiri,Kinshasa,kinshasa,ngiri ngiri,1.0,exact,True
m0D9iUAjJ1G,Nsele,Kinshasa,kinshasa,nsele,1.0,exact,True
kyBo3gA8qoh,Police,Kinshasa,kinshasa,police,1.0,exact,True
nbSOIch7Mbc,Selembao,Kinshasa,kinshasa,selembao,1.0,exact,True
VGFWIr5Rx1D,Boko Kivulu,Kongo Central,kongo central,boko kivulu,,,False
djWn21U4AVy,Boma,Kongo Central,kongo central,boma,1.0,exact,True
vquecO03tD0,Boma Bungu,Kongo Central,kongo central,boma bungu,1.0,exact,True
MjmIRJaAC1H,Gombe Matadi,Kongo Central,kongo central,gombe matadi,1.0,exact,True
DD5m0lzETfF,Inga,Kongo Central,kongo central,inga,1.0,exact,True
bV04pTUIL8A,Kangu,Kongo Central,kongo central,kangu,1.0,exact,True
bBTWb8cD9Z3,Kimpangu,Kongo Central,kongo central,kimpangu,1.0,exact,True
XXKTLp8q7wJ,Kimpese,Kongo Central,kongo central,kimpese,1.0,exact,True
pZobW0wXW6e,Kisantu,Kongo Central,kongo central,kisantu,1.0,exact,True
ADqfcJ05GHD,Kitona,Kongo Central,kongo central,kitona,1.0,exact,True
TQ5nmMVD9uY,Kizu,Kongo Central,kongo central,kizu,1.0,exact,True
ZekPSH5fUQ0,Kuimba,Kongo Central,kongo central,kuimba,1.0,exact,True
DZV9ipxIsg1,Kwilu Ngongo,Kongo Central,kongo central,kwilu ngongo,1.0,exact,True
KlQNBFiC8Cf,Lukula,Kongo Central,kongo central,lukula,1.0,exact,True
yb4Q3Xo1EUo,Massa,Kongo Central,kongo central,massa,0.8888888888888888,fuzzy,True
pFhuqRaXTSO,Matadi,Kongo Central,kongo central,matadi,1.0,exact,True
PDfWsEoWLcy,Mbanza Ngungu,Kongo Central,kongo central,mbanza ngungu,1.0,exact,True
Zbg4fiy6f3t,Muanda,Kongo Central,kongo central,muanda,1.0,exact,True
fuiphWnOGii,Ngidinga,Kongo Central,kongo central,ngidinga,1.0,exact,True
n0NjjahdTLk,Nsona Mpangu,Kongo Central,kongo central,nsona mpangu,0.9565217391304348,fuzzy,True
fWrUdkX9JEv,Seke Banza,Kongo Central,kongo central,seke banza,1.0,exact,True
hniXpSX7Zrq,Tshela,Kongo Central,kongo central,tshela,1.0,exact,True
ZRDAZVZ4HMV,Vaku,Kongo Central,kongo central,vaku,1.0,exact,True
tUhIQ4MVPVI,Boko,Kwango,kwango,boko,1.0,exact,True
JkaDYyGpdPX,Kahemba,Kwango,kwango,kahemba,1.0,exact,True
eIpu2GCPTIP,Kasongo Lunda,Kwango,kwango,kasongo lunda,1.0,exact,True
Qx104OFTrS6,Kenge,Kwango,kwango,kenge,1.0,exact,True
lJaJ763sqNI,Kimbao,Kwango,kwango,kimbao,0.8333333333333334,fuzzy,True
ni4XTmpzmVX,Kisanji,Kwango,kwango,kisanji,0.9333333333333333,fuzzy,True
c66ur6Nda04,Kitenda,Kwango,kwango,kitenda,1.0,exact,True
Kl436vOuc9s,Panzi,Kwango,kwango,panzi,1.0,exact,True
Otc087GDtkQ,Popokabaka,Kwango,kwango,popokabaka,1.0,exact,True
xUfv1fcnAmb,Wamba Lwadi,Kwango,kwango,wamba lwadi,0.9090909090909091,fuzzy,True
k06WV7FTN9D,Bagata,Kwilu,kwilu,bagata,1.0,exact,True
KJPFKwgcqyd,Bandundu,Kwilu,kwilu,bandundu,1.0,exact,True
e6Wpbl5nqcD,Bulungu,Kwilu,kwilu,bulungu,1.0,exact,True
IgSLfQbGSnF,Djuma,Kwilu,kwilu,djuma,1.0,exact,True
GuAIPcinFIj,Gungu,Kwilu,kwilu,gungu,1.0,exact,True
riGgtQ9beB5,Idiofa,Kwilu,kwilu,idiofa,1.0,exact,True
jSLnBqCXCzW,Ipamu,Kwilu,kwilu,ipamu,1.0,exact,True
DrEgd3k7YFu,Kikongo,Kwilu,kwilu,kikongo,1.0,exact,True
GaaOhIJU3Bx,Kikwit Nord,Kwilu,kwilu,kikwit nord,1.0,exact,True
Y8Hlj8DpZHc,Kikwit Sud,Kwilu,kwilu,kikwit sud,1.0,exact,True
QVjGTE0nOen,Kingandu,Kwilu,kwilu,kingandu,1.0,exact,True
O3KmMLK10ru,Koshibanda,Kwilu,kwilu,koshibanda,1.0,exact,True
WziDY5wD1fX,Lusanga,Kwilu,kwilu,lusanga,1.0,exact,True
VYlgP4yyY7F,Masi Manimba,Kwilu,kwilu,masi manimba,1.0,exact,True
tPnKr9Z2phW,Mokala,Kwilu,kwilu,mokala,1.0,exact,True
JRaVxSGfJ9Z,Mosango,Kwilu,kwilu,mosango,1.0,exact,True
Tt1rjDuQtRh,Mukedi,Kwilu,kwilu,mukedi,1.0,exact,True
poOqTlUDT0A,Sia,Kwilu,kwilu,sia,1.0,exact,True
fXTBfVcge4w,Vanga,Kwilu,kwilu,vanga,1.0,exact,True
S7r6j8vvjBa,Kabinda,Lomami,lomami,kabinda,1.0,exact,True
hyVNQXTLM57,Kalambayi Kaban,Lomami,lomami,kalambayi kaban,0.9375,fuzzy,True
HDHPGpYow9n,Kalonda Est,Lomami,lomami,kalonda est,1.0,exact,True
KxcxIF0z6y3,Kamana,Lomami,lomami,kamana,1.0,exact,True
gYjfhzYH5ra,Luputa,Lomami,lomami,luputa,1.0,exact,True
x0EmG1LRyjy,Makota,Lomami,lomami,makota,1.0,exact,True
yft32K4WOYZ,Mweneditu,Lomami,lomami,mweneditu,1.0,exact,True
gMiVopcM4An,Wikong,Lomami,lomami,wikong,1.0,exact,True
cw1CZyDiPyA,Bunkeya,Lualaba,lualaba,bunkeya,,,False
mSQE0BqfXOy,Dilala,Lualaba,lualaba,dilala,,,False
eWGgthNBOZ8,Fungurume,Lualaba,lualaba,fungurume,,,False
yAdgorGUtcE,Kanzenze,Lualaba,lualaba,kanzenze,,,False
qdhfi48INZJ,Kapanga,Lualaba,lualaba,kapanga,,,False
goYHUDWT3jn,Lubudi,Lualaba,lualaba,lubudi,,,False
xMdqjEKgZLw,Manika,Lualaba,lualaba,manika,,,False
S0Ne5rWQhxw,Mutshatsha,Lualaba,lualaba,mutshatsha,,,False
Vf0Hzcf5ux3,Banzow Moke,Maindombe,maindombe,banzow moke,,,False
GcP2B8nmUVo,Bokoro,Maindombe,maindombe,bokoro,1.0,fuzzy,True
MiaMAqYujLY,Bolobo,Maindombe,maindombe,bolobo,1.0,fuzzy,True
DlpIIdkVKyg,Bosobe,Maindombe,maindombe,bosobe,1.0,fuzzy,True
PIT5UiywHIa,Inongo,Maindombe,maindombe,inongo,1.0,fuzzy,True
nTMZjDaAgBb,Kwamouth,Maindombe,maindombe,kwamouth,1.0,fuzzy,True
EDu64jGXwRe,Mushie,Maindombe,maindombe,mushie,1.0,fuzzy,True
j89PZlq83OT,Nioki,Maindombe,maindombe,nioki,1.0,fuzzy,True
Kts0Ppbd4En,Ntandembelo,Maindombe,maindombe,ntandembelo,0.9565217391304348,fuzzy,True
ZOLJkw5FviP,Oshwe,Maindombe,maindombe,oshwe,1.0,fuzzy,True
VOwZTRAt0Ak,Yumbi,Maindombe,maindombe,yumbi,1.0,fuzzy,True
w1BnPOcmluI,Alunguli,Maniema,maniema,alunguli,1.0,exact,True
ncFyk9qnjro,Kabambare,Maniema,maniema,kabambare,1.0,exact,True
ZHRREbCOGwG,Kailo,Maniema,maniema,kailo,1.0,exact,True
IpT4QLSAYMK,Kalima,Maniema,maniema,kalima,1.0,exact,True
y08g1DjhBXu,Kampene,Maniema,maniema,kampene,1.0,exact,True
MRRlnyr6MW6,Kasongo,Maniema,maniema,kasongo,1.0,exact,True
FMXSE1MWvdO,Kibombo,Maniema,maniema,kibombo,1.0,exact,True
lbUq2j3aRYh,Kindu,Maniema,maniema,kindu,1.0,exact,True
MMeukZwYdI1,Kunda,Maniema,maniema,kunda,1.0,exact,True
HtQZ7yf79SN,Lubutu,Maniema,maniema,lubutu,1.0,exact,True
rmoJzmAeUZq,Lusangi,Maniema,maniema,lusangi,1.0,exact,True
BsSB1PA58Qp,Obokote,Maniema,maniema,obokote,1.0,exact,True
EyMlz2Qvcmt,Punia,Maniema,maniema,punia,1.0,exact,True
SWIUdbyuNVh,Samba,Maniema,maniema,samba,1.0,exact,True
aPONdpnYXAn,Saramabila,Maniema,maniema,saramabila,1.0,exact,True
BmjuXfI9o9i,Tunda,Maniema,maniema,tunda,1.0,exact,True
a0M4XJunan2,Binga,Mongala,mongala,binga,1.0,exact,True
w70GpRgNj01,Boso Manzi,Mongala,mongala,boso manzi,1.0,exact,True
rWbNwJffOMY,Boso Mondanda,Mongala,mongala,boso mondanda,,,False
jm3dqXXoblR,Bosondjo,Mongala,mongala,bosondjo,,,False
Xol9qIrf1Gi,Lisala,Mongala,mongala,lisala,,,False
Kc3iE3HU6mA,Lolo,Mongala,mongala,lolo,,,False
Yo6u0UIHrfc,Yamaluka,Mongala,mongala,yamaluka,,,False
GLky3WLKZTi,Alimbongo,Nord-Kivu,nord kivu,alimbongo,1.0,exact,True
reOlSi4YUvZ,Bambo,Nord-Kivu,nord kivu,bambo,1.0,exact,True
msg2MyMGhKv,Beni,Nord-Kivu,nord kivu,beni,1.0,exact,True
TtaXlLIpy8b,Biena,Nord-Kivu,nord kivu,biena,1.0,exact,True
qa1TBnjJilP,Binza,Nord-Kivu,nord kivu,binza,1.0,exact,True
foR0DRLqtdJ,Butembo,Nord-Kivu,nord kivu,butembo,1.0,exact,True
t8tjGKVhkl3,Goma,Nord-Kivu,nord kivu,goma,1.0,exact,True
bzo7dCPSXS2,Itebero,Nord-Kivu,nord kivu,itebero,1.0,exact,True
XoJ3dLz68aj,Kalunguta,Nord-Kivu,nord kivu,kalunguta,1.0,exact,True
vFJcnSDGQS0,Kamango,Nord-Kivu,nord kivu,kamango,1.0,exact,True
RSaqeeEezZl,Karisimbi,Nord-Kivu,nord kivu,karisimbi,1.0,exact,True
woJBeEpIZdy,Katwa,Nord-Kivu,nord kivu,katwa,1.0,exact,True
ZLgC2OOesbS,Kayna,Nord-Kivu,nord kivu,kayna,1.0,exact,True
OKMskHnAdPh,Kibirizi,Nord-Kivu,nord kivu,kibirizi,1.0,exact,True
is2bUIOxBUG,Kibua,Nord-Kivu,nord kivu,kibua,1.0,exact,True
xS36Jly2x2T,Kirotshe,Nord-Kivu,nord kivu,kirotshe,1.0,exact,True
amGiV9h9C2I,Kyondo,Nord-Kivu,nord kivu,kyondo,1.0,exact,True
oTtGHeQSotN,Lubero,Nord-Kivu,nord kivu,lubero,1.0,exact,True
svtAZQ9nVl0,Mabalako,Nord-Kivu,nord kivu,mabalako,1.0,exact,True
IyDb5geWMDN,Manguredjipa,Nord-Kivu,nord kivu,manguredjipa,1.0,exact,True
kQCMPbHKQ93,Masereka,Nord-Kivu,nord kivu,masereka,1.0,exact,True
D6IRek5MhIt,Masisi,Nord-Kivu,nord kivu,masisi,1.0,exact,True
VooLsNf0dDB,Musienene,Nord-Kivu,nord kivu,musienene,1.0,exact,True
TnjfqDbxtwP,Mutwanga,Nord-Kivu,nord kivu,mutwanga,1.0,exact,True
OZYtwRFkc5Z,Mweso,Nord-Kivu,nord kivu,mweso,1.0,exact,True
WLVe6Xt7Xum,Nyiragongo,Nord-Kivu,nord kivu,nyiragongo,0.9523809523809523,fuzzy,True
zOOAshOz4Cz,Oicha,Nord-Kivu,nord kivu,oicha,1.0,exact,True
Qnxdx1xJkXt,Pinga,Nord-Kivu,nord kivu,pinga,1.0,exact,True
nXYw6kLqc0y,Rutshuru,Nord-Kivu,nord kivu,rutshuru,1.0,exact,True
xIs8yXFjb9Y,Walikale,Nord-Kivu,nord kivu,walikale,1.0,exact,True
lIWxyiAegfN,Gbadolite,Nord-Ubangi,nord ubangi,gbadolite,,,False
N3EOJsjCXzW,Karawa,Nord-Ubangi,nord ubangi,karawa,,,False
ARnHjae4l5S,Loko,Nord-Ubangi,nord ubangi,loko,1.0,exact,True
e3onjTOWxjS,Mobayi Mbongo,Nord-Ubangi,nord ubangi,mobayi mbongo,1.0,exact,True
CSvyaLZJiEt,Wapinda,Nord-Ubangi,nord ubangi,wapinda,,,False
PzrqwW6m5Wz,Wasolo,Nord-Ubangi,nord ubangi,wasolo,,,False
Bou7OgEKEp1,Yakoma,Nord-Ubangi,nord ubangi,yakoma,1.0,exact,True
Qx49Xk4whc5,Bena Dibele,Sankuru,sankuru,bena dibele,,,False
TJpOhLF2cXo,Dikungu,Sankuru,sankuru,dikungu,,,False
lDx3qiOSC3F,Djalo Ndjeka,Sankuru,sankuru,djalo ndjeka,,,False
IPDJ2AFLJ1q,Katako Kombe,Sankuru,sankuru,katako kombe,,,False
fJD7wOwwi4M,Lodja,Sankuru,sankuru,lodja,,,False
L08zgLln431,Lomela,Sankuru,sankuru,lomela,,,False
x6qA2FLnw1e,Lusambo,Sankuru,sankuru,lusambo,,,False
Rw3GsgKRHj5,Ototo,Sankuru,sankuru,ototo,1.0,exact,True
fjTwDPXTHPR,Tshumbe,Sankuru,sankuru,tshumbe,,,False
UXxD0fWI2yS,Vanga Kete,Sankuru,sankuru,vanga kete,,,False
dw6cxRCsTBH,Wembo Nyama,Sankuru,sankuru,wembo nyama,,,False
aOghManYK5E,Bagira,Sud-Kivu,sud kivu,bagira,1.0,exact,True
Th9eFA4VSq6,Bunyakiri,Sud-Kivu,sud kivu,bunyakiri,,,False
roraCGWMUQ0,Fizi,Sud-Kivu,sud kivu,fizi,1.0,exact,True
jOxDAa0HM4a,Ibanda,Sud-Kivu,sud kivu,ibanda,1.0,exact,True
ZwpyTsxIyb3,Itombwe,Sud-Kivu,sud kivu,itombwe,1.0,exact,True
zqUe1DuDMxH,Kabare,Sud-Kivu,sud kivu,kabare,,,False
bfFprcRp0YO,Kadutu,Sud-Kivu,sud kivu,kadutu,1.0,exact,True
OWrtstWKEly,Kalehe,Sud-Kivu,sud kivu,kalehe,,,False
euP5fSU9vky,Kalole,Sud-Kivu,sud kivu,kalole,,,False
iPD8STDLALc,Kalonge,Sud-Kivu,sud kivu,kalonge,,,False
rv3KA7DrJCO,Kamituga,Sud-Kivu,sud kivu,kamituga,1.0,exact,True
TpB2SUwsDbn,Katana,Sud-Kivu,sud kivu,katana,,,False
a2dADiJAGrT,Kaziba,Sud-Kivu,sud kivu,kaziba,,,False
lF2aCHDydzn,Kimbi Lulenge,Sud-Kivu,sud kivu,kimbi lulenge,1.0,exact,True
n1r14Rh3NvB,Kitutu,Sud-Kivu,sud kivu,kitutu,1.0,exact,True
XFUHGajCqjY,Lemera,Sud-Kivu,sud kivu,lemera,1.0,exact,True
UkT2MUS83YY,Lulingu,Sud-Kivu,sud kivu,lulingu,,,False
oNybyvjU5ZT,Minova,Sud-Kivu,sud kivu,minova,,,False
JzBIOZSJfmJ,Mubumbano,Sud-Kivu,sud kivu,mubumbano,,,False
tJmFpEp4TCb,Mulungu,Sud-Kivu,sud kivu,mulungu,,,False
nfYQfVxJRyJ,Mwana,Sud-Kivu,sud kivu,mwana,,,False
Q3HTytyiRyL,Mwenga,Sud-Kivu,sud kivu,mwenga,1.0,exact,True
pWBu6qPNvdv,Nundu,Sud-Kivu,sud kivu,nundu,1.0,exact,True
sai4xbqW0CL,Nyangezi,Sud-Kivu,sud kivu,nyangezi,,,False
R1E0VjRQ4SN,Nyantende,Sud-Kivu,sud kivu,nyantende,,,False
jkonpGckbPg,Ruzizi,Sud-Kivu,sud kivu,ruzizi,1.0,exact,True
MOESL4KbKoV,Shabunda,Sud-Kivu,sud kivu,shabunda,1.0,exact,True
mx8PkwuIR5x,Uvira,Sud-Kivu,sud kivu,uvira,,,False
x4xQfjclCTo,Walungu,Sud-Kivu,sud kivu,walungu,,,False
aVeCzXx2CDZ,Bangabola,Sud-Ubangi,sud ubangi,bangabola,,,False
izt3XGlBrmK,Bokonzi,Sud-Ubangi,sud ubangi,bokonzi,,,False
FzA1yCf8PY7,Boto,Sud-Ubangi,sud ubangi,boto,,,False
J1nws7yZLvv,Budjala,Sud-Ubangi,sud ubangi,budjala,1.0,exact,True
uCYafBxBtO8,Bulu,Sud-Ubangi,sud ubangi,bulu,,,False
hlvN8zeyDZz,Bwamanda,Sud-Ubangi,sud ubangi,bwamanda,0.9333333333333333,fuzzy,True
F2sZHvPlln6,Gemena,Sud-Ubangi,sud ubangi,gemena,1.0,exact,True
C6xrZPQNxHd,Kungu,Sud-Ubangi,sud ubangi,kungu,,,False
ArdlF8PnpYL,Libenge,Sud-Ubangi,sud ubangi,libenge,,,False
GMlNzqj2WDG,Ndage,Sud-Ubangi,sud ubangi,ndage,,,False
nX75O17I2sY,Tandala,Sud-Ubangi,sud ubangi,tandala,,,False
QNFYEQrW7Dy,Zongo,Sud-Ubangi,sud ubangi,zongo,,,False
dihBljVQG6z,Ankoro,Tanganyika,tanganyika,ankoro,1.0,exact,True
QmaankDWQSm,Kabalo,Tanganyika,tanganyika,kabalo,1.0,exact,True
kH7KijWY3eF,Kalemie,Tanganyika,tanganyika,kalemie,1.0,exact,True
dj29qACRqOf,Kansimba,Tanganyika,tanganyika,kansimba,1.0,exact,True
rDRhOPd3q1u,Kongolo,Tanganyika,tanganyika,kongolo,1.0,exact,True
oU2G5jtXxFx,Manono,Tanganyika,tanganyika,manono,1.0,exact,True
W7IdWpJnPra,Mbulula,Tanganyika,tanganyika,mbulula,1.0,exact,True
adxBRCwSlWc,Moba,Tanganyika,tanganyika,moba,1.0,exact,True
SpDmHrCCVal,Nyemba,Tanganyika,tanganyika,nyemba,1.0,exact,True
uz41FkMd6Gb,Nyunzu,Tanganyika,tanganyika,nyunzu,1.0,exact,True
jaNYqjAceGA,Bafwagbogbo,Tshopo,tshopo,bafwagbogbo,0.9090909090909091,fuzzy,True
pLBZiohnxFC,Bafwasende,Tshopo,tshopo,bafwasende,1.0,exact,True
WxBLTUjeyfB,Banalia,Tshopo,tshopo,banalia,1.0,exact,True
SxrrguFFktT,Basoko,Tshopo,tshopo,basoko,1.0,exact,True
dtBcztLoZpn,Isangi,Tshopo,tshopo,isangi,1.0,exact,True
Al5GBxzCgMe,Kabondo,Tshopo,tshopo,kabondo,1.0,exact,True
I9d1F9TGn33,Lubunga,Tshopo,tshopo,lubunga,1.0,exact,True
ZHIrX4z487c,Makiso Kisangan,Tshopo,tshopo,makiso kisangan,,,False
wOWB7WbNuSN,Mangobo,Tshopo,tshopo,mangobo,1.0,exact,True
G1OIhUfxLw5,Opienge,Tshopo,tshopo,opienge,1.0,exact,True
IMkgSD6FVjc,Tshopo,Tshopo,tshopo,tshopo,1.0,exact,True
ThkZT6koPKj,Ubundu,Tshopo,tshopo,ubundu,1.0,exact,True
RowlA1nBHee,Wanierukula,Tshopo,tshopo,wanierukula,1.0,exact,True
HHv5opVWeoY,Yahisuli,Tshopo,tshopo,yahisuli,1.0,exact,True
quf7vedArhs,Yahuma,Tshopo,tshopo,yahuma,1.0,exact,True
S8Vd8dUvIqT,Yaleko,Tshopo,tshopo,yaleko,1.0,exact,True
CPZTm1VIXB9,Yalimbongo,Tshopo,tshopo,yalimbongo,1.0,exact,True
Uyz1XxXNBKB,Boende,Tshuapa,tshuapa,boende,1.0,exact,True
PpY62UBIBEf,Busanga,Tshuapa,tshuapa,busanga,1.0,exact,True
J7p1ASHGpX4,Djolu,Tshuapa,tshuapa,djolu,1.0,exact,True
hM2ZsK1vEox,Lingomo,Tshuapa,tshuapa,lingomo,1.0,exact,True
VnNdiJcF3rF,Monkoto,Tshuapa,tshuapa,monkoto,1.0,exact,True
qa0zXM6tGPJ,Wema,Tshuapa,tshuapa,wema,1.0,exact,True
